﻿<?xml version="1.0" encoding="UTF-8"?><questestinterop xmlns:d2l_2p0="http://desire2learn.com/xsd/d2lcp_v2p0"><assessment d2l_2p0:id="1" title="SI/GT Program End of Course Survey" ident="res_survey_153915" d2l_2p0:resource_code="OCC-1196317"><rubric><flow_mat><material><mattext d2l_2p0:isdisplayed="no" texttype="text/html" /></material></flow_mat></rubric><assessmentcontrol hintswitch="no" solutionswitch="no" feedbackswitch="no" /><presentation_material><flow_mat><material label="page footer"><mattext d2l_2p0:isdisplayed="no" texttype="text/html" /></material></flow_mat></presentation_material><assess_procextension><d2l_2p0:submission_message texttype="text/html" /><d2l_2p0:anonymous>yes</d2l_2p0:anonymous><d2l_2p0:instant_feedback>no</d2l_2p0:instant_feedback><is_active>no</is_active><d2l_2p0:date_start><d2l_2p0:timestamp><d2l_2p0:month>12</d2l_2p0:month><d2l_2p0:day>10</d2l_2p0:day><d2l_2p0:year>2019</d2l_2p0:year><d2l_2p0:hour>2</d2l_2p0:hour><d2l_2p0:minutes>27</d2l_2p0:minutes><d2l_2p0:seconds>0</d2l_2p0:seconds></d2l_2p0:timestamp></d2l_2p0:date_start><d2l_2p0:date_end><d2l_2p0:timestamp><d2l_2p0:month>12</d2l_2p0:month><d2l_2p0:day>20</d2l_2p0:day><d2l_2p0:year>2019</d2l_2p0:year><d2l_2p0:hour>23</d2l_2p0:hour><d2l_2p0:minutes>59</d2l_2p0:minutes><d2l_2p0:seconds>0</d2l_2p0:seconds></d2l_2p0:timestamp></d2l_2p0:date_end><d2l_2p0:has_schedule_event>no</d2l_2p0:has_schedule_event><d2l_2p0:attempts_allowed>unlimited</d2l_2p0:attempts_allowed><d2l_2p0:is_forward_only>no</d2l_2p0:is_forward_only></assess_procextension><section ident="CONTAINER_SECTION"><section title="Age" d2l_2p0:page="1" ident="SECT_8535345"><presentation_material><flow_mat><flow_mat><material><mattext texttype="text/html" /></material></flow_mat></flow_mat></presentation_material><sectionproc_extension><d2l_2p0:display_section_name>yes</d2l_2p0:display_section_name><d2l_2p0:display_section_line>no</d2l_2p0:display_section_line><d2l_2p0:type_display_section>1</d2l_2p0:type_display_section></sectionproc_extension><item ident="OBJ_8535344" label="QUES_2782302_2850965" d2l_2p0:page="1" title="Age"><itemmetadata><qtimetadata><qti_metadatafield><fieldlabel>qmd_computerscored</fieldlabel><fieldentry>yes</fieldentry></qti_metadatafield><qti_metadatafield><fieldlabel>qmd_questiontype</fieldlabel><fieldentry>Multiple Choice</fieldentry></qti_metadatafield><qti_metadatafield><fieldlabel>qmd_globalid</fieldlabel><fieldentry>ee72f0c1-302d-4daa-93e9-a2ef73426653</fieldentry></qti_metadatafield><qti_metadatafield><fieldlabel>qmd_displayid</fieldlabel><fieldentry>155289-1</fieldentry></qti_metadatafield></qtimetadata></itemmetadata><itemproc_extension><d2l_2p0:difficulty>1</d2l_2p0:difficulty><d2l_2p0:isbonus>no</d2l_2p0:isbonus><d2l_2p0:ismandatory>no</d2l_2p0:ismandatory></itemproc_extension><presentation><flow><material><mattext texttype="text/html">&lt;p&gt;What is your age range?&lt;/p&gt;</mattext></material><response_extension><d2l_2p0:display_style>2</d2l_2p0:display_style><d2l_2p0:enumeration>6</d2l_2p0:enumeration><d2l_2p0:grading_type>0</d2l_2p0:grading_type></response_extension><response_lid ident="QUES_2782302_2850965_LID" rcardinality="Single"><render_choice shuffle="no"><flow_label class="Block"><response_label ident="QUES_2782302_2850965_A9651262"><flow_mat><material><mattext texttype="text/html">&lt;p&gt;24 or under&lt;/p&gt;</mattext></material></flow_mat></response_label></flow_label><flow_label class="Block"><response_label ident="QUES_2782302_2850965_A9651263"><flow_mat><material><mattext texttype="text/html">&lt;p&gt;25 or greater&lt;/p&gt;</mattext></material></flow_mat></response_label></flow_label></render_choice></response_lid></flow></presentation><resprocessing><respcondition title="Response Condition 1"><conditionvar><varequal respident="QUES_2782302_2850965_LID">QUES_2782302_2850965_A9651262</varequal></conditionvar><setvar action="Set">0.000000000</setvar><displayfeedback feedbacktype="Response" linkrefid="QUES_2782302_2850965_IF9651262" /></respcondition><respcondition title="Response Condition 2"><conditionvar><varequal respident="QUES_2782302_2850965_LID">QUES_2782302_2850965_A9651263</varequal></conditionvar><setvar action="Set">0.000000000</setvar><displayfeedback feedbacktype="Response" linkrefid="QUES_2782302_2850965_IF9651263" /></respcondition></resprocessing><itemfeedback ident="QUES_2782302_2850965_IF9651262"><material><mattext texttype="text/plain" /></material></itemfeedback><itemfeedback ident="QUES_2782302_2850965_IF9651263"><material><mattext texttype="text/plain" /></material></itemfeedback></item></section><section title="Attendance" d2l_2p0:page="1" ident="SECT_8535346"><presentation_material><flow_mat><flow_mat><material><mattext texttype="text/html" /></material></flow_mat></flow_mat></presentation_material><sectionproc_extension><d2l_2p0:display_section_name>yes</d2l_2p0:display_section_name><d2l_2p0:display_section_line>no</d2l_2p0:display_section_line><d2l_2p0:type_display_section>1</d2l_2p0:type_display_section></sectionproc_extension><item ident="OBJ_8535347" label="QUES_2782303_2850966" d2l_2p0:page="1" title="Frequency of Attendance"><itemmetadata><qtimetadata><qti_metadatafield><fieldlabel>qmd_computerscored</fieldlabel><fieldentry>yes</fieldentry></qti_metadatafield><qti_metadatafield><fieldlabel>qmd_questiontype</fieldlabel><fieldentry>Multiple Choice</fieldentry></qti_metadatafield><qti_metadatafield><fieldlabel>qmd_globalid</fieldlabel><fieldentry>77af06b8-4422-4c4e-8fe8-a86513d6780e</fieldentry></qti_metadatafield><qti_metadatafield><fieldlabel>qmd_displayid</fieldlabel><fieldentry>155289-2</fieldentry></qti_metadatafield></qtimetadata></itemmetadata><itemproc_extension><d2l_2p0:difficulty>1</d2l_2p0:difficulty><d2l_2p0:isbonus>no</d2l_2p0:isbonus><d2l_2p0:ismandatory>no</d2l_2p0:ismandatory></itemproc_extension><presentation><flow><material><mattext texttype="text/html">&lt;p&gt;How many study group sessions did you attend this semester?&lt;/p&gt;</mattext></material><response_extension><d2l_2p0:display_style>2</d2l_2p0:display_style><d2l_2p0:enumeration>6</d2l_2p0:enumeration><d2l_2p0:grading_type>0</d2l_2p0:grading_type></response_extension><response_lid ident="QUES_2782303_2850966_LID" rcardinality="Single"><render_choice shuffle="no"><flow_label class="Block"><response_label ident="QUES_2782303_2850966_A9651264"><flow_mat><material><mattext texttype="text/html">&lt;p&gt;None&lt;/p&gt;</mattext></material></flow_mat></response_label></flow_label><flow_label class="Block"><response_label ident="QUES_2782303_2850966_A9651265"><flow_mat><material><mattext texttype="text/html">&lt;p&gt;Some&lt;/p&gt;</mattext></material></flow_mat></response_label></flow_label><flow_label class="Block"><response_label ident="QUES_2782303_2850966_A9651266"><flow_mat><material><mattext texttype="text/html">&lt;p&gt;Most/All&lt;/p&gt;</mattext></material></flow_mat></response_label></flow_label></render_choice></response_lid></flow></presentation><resprocessing><respcondition title="Response Condition 1"><conditionvar><varequal respident="QUES_2782303_2850966_LID">QUES_2782303_2850966_A9651264</varequal></conditionvar><setvar action="Set">0.000000000</setvar><displayfeedback feedbacktype="Response" linkrefid="QUES_2782303_2850966_IF9651264" /></respcondition><respcondition title="Response Condition 2"><conditionvar><varequal respident="QUES_2782303_2850966_LID">QUES_2782303_2850966_A9651265</varequal></conditionvar><setvar action="Set">0.000000000</setvar><displayfeedback feedbacktype="Response" linkrefid="QUES_2782303_2850966_IF9651265" /></respcondition><respcondition title="Response Condition 3"><conditionvar><varequal respident="QUES_2782303_2850966_LID">QUES_2782303_2850966_A9651266</varequal></conditionvar><setvar action="Set">0.000000000</setvar><displayfeedback feedbacktype="Response" linkrefid="QUES_2782303_2850966_IF9651266" /></respcondition></resprocessing><itemfeedback ident="QUES_2782303_2850966_IF9651264"><material><mattext texttype="text/plain" /></material></itemfeedback><itemfeedback ident="QUES_2782303_2850966_IF9651265"><material><mattext texttype="text/plain" /></material></itemfeedback><itemfeedback ident="QUES_2782303_2850966_IF9651266"><material><mattext texttype="text/plain" /></material></itemfeedback></item><item ident="OBJ_8535348" label="QUES_2782304_2850968" d2l_2p0:page="1"><itemmetadata><qtimetadata><qti_metadatafield><fieldlabel>qmd_computerscored</fieldlabel><fieldentry>yes</fieldentry></qti_metadatafield><qti_metadatafield><fieldlabel>qmd_questiontype</fieldlabel><fieldentry>Multiple Choice</fieldentry></qti_metadatafield><qti_metadatafield><fieldlabel>qmd_globalid</fieldlabel><fieldentry>e3d1c535-20e9-4d85-b8e2-f4782648803e</fieldentry></qti_metadatafield><qti_metadatafield><fieldlabel>qmd_displayid</fieldlabel><fieldentry>155289-3</fieldentry></qti_metadatafield></qtimetadata></itemmetadata><itemproc_extension><d2l_2p0:difficulty>1</d2l_2p0:difficulty><d2l_2p0:isbonus>no</d2l_2p0:isbonus><d2l_2p0:ismandatory>no</d2l_2p0:ismandatory></itemproc_extension><presentation><flow><material><mattext texttype="text/html">&lt;p&gt;If you answered "None" for how many group sessions you attended, please choose the following.&lt;/p&gt;</mattext></material><response_extension><d2l_2p0:display_style>2</d2l_2p0:display_style><d2l_2p0:enumeration>6</d2l_2p0:enumeration><d2l_2p0:grading_type>0</d2l_2p0:grading_type></response_extension><response_lid ident="QUES_2782304_2850968_LID" rcardinality="Single"><render_choice shuffle="no"><flow_label class="Block"><response_label ident="QUES_2782304_2850968_A9651270"><flow_mat><material><mattext texttype="text/html">&lt;p&gt;I wanted to attend, but couldn't.&amp;nbsp; Sessions conflicted with other classes, work, family, etc.&lt;/p&gt;</mattext></material></flow_mat></response_label></flow_label><flow_label class="Block"><response_label ident="QUES_2782304_2850968_A9651271"><flow_mat><material><mattext texttype="text/html">&lt;p&gt;I don't feel the groups would be helpful.&lt;/p&gt;</mattext></material></flow_mat></response_label></flow_label><flow_label class="Block"><response_label ident="QUES_2782304_2850968_A9651272"><flow_mat><material><mattext texttype="text/html">&lt;p&gt;Does not apply&lt;/p&gt;</mattext></material></flow_mat></response_label></flow_label></render_choice></response_lid></flow></presentation><resprocessing><respcondition title="Response Condition 1"><conditionvar><varequal respident="QUES_2782304_2850968_LID">QUES_2782304_2850968_A9651270</varequal></conditionvar><setvar action="Set">0.000000000</setvar><displayfeedback feedbacktype="Response" linkrefid="QUES_2782304_2850968_IF9651270" /></respcondition><respcondition title="Response Condition 2"><conditionvar><varequal respident="QUES_2782304_2850968_LID">QUES_2782304_2850968_A9651271</varequal></conditionvar><setvar action="Set">0.000000000</setvar><displayfeedback feedbacktype="Response" linkrefid="QUES_2782304_2850968_IF9651271" /></respcondition><respcondition title="Response Condition 3"><conditionvar><varequal respident="QUES_2782304_2850968_LID">QUES_2782304_2850968_A9651272</varequal></conditionvar><setvar action="Set">0.000000000</setvar><displayfeedback feedbacktype="Response" linkrefid="QUES_2782304_2850968_IF9651272" /></respcondition></resprocessing><itemfeedback ident="QUES_2782304_2850968_IF9651270"><material><mattext texttype="text/plain" /></material></itemfeedback><itemfeedback ident="QUES_2782304_2850968_IF9651271"><material><mattext texttype="text/plain" /></material></itemfeedback><itemfeedback ident="QUES_2782304_2850968_IF9651272"><material><mattext texttype="text/plain" /></material></itemfeedback></item></section><section title="Questions about Study Groups" d2l_2p0:page="1" ident="SECT_8535349"><presentation_material><flow_mat><flow_mat><material><mattext texttype="text/html">&lt;p&gt;Continue only if you attended any study groups. Please respond to the following.&lt;/p&gt;</mattext></material></flow_mat></flow_mat></presentation_material><sectionproc_extension><d2l_2p0:display_section_name>yes</d2l_2p0:display_section_name><d2l_2p0:display_section_line>no</d2l_2p0:display_section_line><d2l_2p0:type_display_section>1</d2l_2p0:type_display_section></sectionproc_extension><item ident="OBJ_8535350" label="QUES_2782305_2850969" d2l_2p0:page="1"><itemmetadata><qtimetadata><qti_metadatafield><fieldlabel>qmd_computerscored</fieldlabel><fieldentry>yes</fieldentry></qti_metadatafield><qti_metadatafield><fieldlabel>qmd_questiontype</fieldlabel><fieldentry>Multiple Choice</fieldentry></qti_metadatafield><qti_metadatafield><fieldlabel>qmd_globalid</fieldlabel><fieldentry>e540e8ad-8f75-454b-8aa8-f8f6266db01f</fieldentry></qti_metadatafield><qti_metadatafield><fieldlabel>qmd_displayid</fieldlabel><fieldentry>155289-5</fieldentry></qti_metadatafield></qtimetadata></itemmetadata><itemproc_extension><d2l_2p0:difficulty>1</d2l_2p0:difficulty><d2l_2p0:isbonus>no</d2l_2p0:isbonus><d2l_2p0:ismandatory>no</d2l_2p0:ismandatory></itemproc_extension><presentation><flow><material><mattext texttype="text/html">&lt;p&gt;I found the study groups sessions helpful/useful&lt;/p&gt;</mattext></material><response_extension><d2l_2p0:display_style>2</d2l_2p0:display_style><d2l_2p0:enumeration>6</d2l_2p0:enumeration><d2l_2p0:grading_type>0</d2l_2p0:grading_type></response_extension><response_lid ident="QUES_2782305_2850969_LID" rcardinality="Single"><render_choice shuffle="no"><flow_label class="Block"><response_label ident="QUES_2782305_2850969_A9651273"><flow_mat><material><mattext texttype="text/html">&lt;p&gt;Agree&lt;/p&gt;</mattext></material></flow_mat></response_label></flow_label><flow_label class="Block"><response_label ident="QUES_2782305_2850969_A9651274"><flow_mat><material><mattext texttype="text/html">&lt;p&gt;Disagree&lt;/p&gt;</mattext></material></flow_mat></response_label></flow_label><flow_label class="Block"><response_label ident="QUES_2782305_2850969_A9651275"><flow_mat><material><mattext texttype="text/html">&lt;p&gt;Does Not Apply&lt;/p&gt;</mattext></material></flow_mat></response_label></flow_label></render_choice></response_lid></flow></presentation><resprocessing><respcondition title="Response Condition 1"><conditionvar><varequal respident="QUES_2782305_2850969_LID">QUES_2782305_2850969_A9651273</varequal></conditionvar><setvar action="Set">0.000000000</setvar><displayfeedback feedbacktype="Response" linkrefid="QUES_2782305_2850969_IF9651273" /></respcondition><respcondition title="Response Condition 2"><conditionvar><varequal respident="QUES_2782305_2850969_LID">QUES_2782305_2850969_A9651274</varequal></conditionvar><setvar action="Set">0.000000000</setvar><displayfeedback feedbacktype="Response" linkrefid="QUES_2782305_2850969_IF9651274" /></respcondition><respcondition title="Response Condition 3"><conditionvar><varequal respident="QUES_2782305_2850969_LID">QUES_2782305_2850969_A9651275</varequal></conditionvar><setvar action="Set">0.000000000</setvar><displayfeedback feedbacktype="Response" linkrefid="QUES_2782305_2850969_IF9651275" /></respcondition></resprocessing><itemfeedback ident="QUES_2782305_2850969_IF9651273"><material><mattext texttype="text/plain" /></material></itemfeedback><itemfeedback ident="QUES_2782305_2850969_IF9651274"><material><mattext texttype="text/plain" /></material></itemfeedback><itemfeedback ident="QUES_2782305_2850969_IF9651275"><material><mattext texttype="text/plain" /></material></itemfeedback></item><item ident="OBJ_8535351" label="QUES_2782306_2850970" d2l_2p0:page="1"><itemmetadata><qtimetadata><qti_metadatafield><fieldlabel>qmd_computerscored</fieldlabel><fieldentry>yes</fieldentry></qti_metadatafield><qti_metadatafield><fieldlabel>qmd_questiontype</fieldlabel><fieldentry>Multiple Choice</fieldentry></qti_metadatafield><qti_metadatafield><fieldlabel>qmd_globalid</fieldlabel><fieldentry>7d1d4b21-e673-4df1-8a21-9e3eca6bdaa3</fieldentry></qti_metadatafield><qti_metadatafield><fieldlabel>qmd_displayid</fieldlabel><fieldentry>155289-6</fieldentry></qti_metadatafield></qtimetadata></itemmetadata><itemproc_extension><d2l_2p0:difficulty>1</d2l_2p0:difficulty><d2l_2p0:isbonus>no</d2l_2p0:isbonus><d2l_2p0:ismandatory>no</d2l_2p0:ismandatory></itemproc_extension><presentation><flow><material><mattext texttype="text/html">&lt;p&gt;In the future, I would choose to be in a class with an SI leader.&lt;/p&gt;</mattext></material><response_extension><d2l_2p0:display_style>2</d2l_2p0:display_style><d2l_2p0:enumeration>6</d2l_2p0:enumeration><d2l_2p0:grading_type>0</d2l_2p0:grading_type></response_extension><response_lid ident="QUES_2782306_2850970_LID" rcardinality="Single"><render_choice shuffle="no"><flow_label class="Block"><response_label ident="QUES_2782306_2850970_A9651276"><flow_mat><material><mattext texttype="text/html">&lt;p&gt;Agree&lt;/p&gt;</mattext></material></flow_mat></response_label></flow_label><flow_label class="Block"><response_label ident="QUES_2782306_2850970_A9651277"><flow_mat><material><mattext texttype="text/html">&lt;p&gt;Disagree&lt;/p&gt;</mattext></material></flow_mat></response_label></flow_label><flow_label class="Block"><response_label ident="QUES_2782306_2850970_A9651278"><flow_mat><material><mattext texttype="text/html">&lt;p&gt;Does Not Apply&lt;/p&gt;</mattext></material></flow_mat></response_label></flow_label></render_choice></response_lid></flow></presentation><resprocessing><respcondition title="Response Condition 1"><conditionvar><varequal respident="QUES_2782306_2850970_LID">QUES_2782306_2850970_A9651276</varequal></conditionvar><setvar action="Set">0.000000000</setvar><displayfeedback feedbacktype="Response" linkrefid="QUES_2782306_2850970_IF9651276" /></respcondition><respcondition title="Response Condition 2"><conditionvar><varequal respident="QUES_2782306_2850970_LID">QUES_2782306_2850970_A9651277</varequal></conditionvar><setvar action="Set">0.000000000</setvar><displayfeedback feedbacktype="Response" linkrefid="QUES_2782306_2850970_IF9651277" /></respcondition><respcondition title="Response Condition 3"><conditionvar><varequal respident="QUES_2782306_2850970_LID">QUES_2782306_2850970_A9651278</varequal></conditionvar><setvar action="Set">0.000000000</setvar><displayfeedback feedbacktype="Response" linkrefid="QUES_2782306_2850970_IF9651278" /></respcondition></resprocessing><itemfeedback ident="QUES_2782306_2850970_IF9651276"><material><mattext texttype="text/plain" /></material></itemfeedback><itemfeedback ident="QUES_2782306_2850970_IF9651277"><material><mattext texttype="text/plain" /></material></itemfeedback><itemfeedback ident="QUES_2782306_2850970_IF9651278"><material><mattext texttype="text/plain" /></material></itemfeedback></item><item ident="OBJ_8535352" label="QUES_2782307_2850971" d2l_2p0:page="1"><itemmetadata><qtimetadata><qti_metadatafield><fieldlabel>qmd_computerscored</fieldlabel><fieldentry>yes</fieldentry></qti_metadatafield><qti_metadatafield><fieldlabel>qmd_questiontype</fieldlabel><fieldentry>Multiple Choice</fieldentry></qti_metadatafield><qti_metadatafield><fieldlabel>qmd_globalid</fieldlabel><fieldentry>7cc375b9-3ce4-4a24-9c22-641d4be75515</fieldentry></qti_metadatafield><qti_metadatafield><fieldlabel>qmd_displayid</fieldlabel><fieldentry>155289-7</fieldentry></qti_metadatafield></qtimetadata></itemmetadata><itemproc_extension><d2l_2p0:difficulty>1</d2l_2p0:difficulty><d2l_2p0:isbonus>no</d2l_2p0:isbonus><d2l_2p0:ismandatory>no</d2l_2p0:ismandatory></itemproc_extension><presentation><flow><material><mattext texttype="text/html">&lt;p&gt;I have learned better study strategies.&lt;/p&gt;</mattext></material><response_extension><d2l_2p0:display_style>2</d2l_2p0:display_style><d2l_2p0:enumeration>6</d2l_2p0:enumeration><d2l_2p0:grading_type>0</d2l_2p0:grading_type></response_extension><response_lid ident="QUES_2782307_2850971_LID" rcardinality="Single"><render_choice shuffle="no"><flow_label class="Block"><response_label ident="QUES_2782307_2850971_A9651279"><flow_mat><material><mattext texttype="text/html">&lt;p&gt;Agree&lt;/p&gt;</mattext></material></flow_mat></response_label></flow_label><flow_label class="Block"><response_label ident="QUES_2782307_2850971_A9651280"><flow_mat><material><mattext texttype="text/html">&lt;p&gt;Disagree&lt;/p&gt;</mattext></material></flow_mat></response_label></flow_label><flow_label class="Block"><response_label ident="QUES_2782307_2850971_A9651281"><flow_mat><material><mattext texttype="text/html">&lt;p&gt;Does Not Apply&lt;/p&gt;</mattext></material></flow_mat></response_label></flow_label></render_choice></response_lid></flow></presentation><resprocessing><respcondition title="Response Condition 1"><conditionvar><varequal respident="QUES_2782307_2850971_LID">QUES_2782307_2850971_A9651279</varequal></conditionvar><setvar action="Set">0.000000000</setvar><displayfeedback feedbacktype="Response" linkrefid="QUES_2782307_2850971_IF9651279" /></respcondition><respcondition title="Response Condition 2"><conditionvar><varequal respident="QUES_2782307_2850971_LID">QUES_2782307_2850971_A9651280</varequal></conditionvar><setvar action="Set">0.000000000</setvar><displayfeedback feedbacktype="Response" linkrefid="QUES_2782307_2850971_IF9651280" /></respcondition><respcondition title="Response Condition 3"><conditionvar><varequal respident="QUES_2782307_2850971_LID">QUES_2782307_2850971_A9651281</varequal></conditionvar><setvar action="Set">0.000000000</setvar><displayfeedback feedbacktype="Response" linkrefid="QUES_2782307_2850971_IF9651281" /></respcondition></resprocessing><itemfeedback ident="QUES_2782307_2850971_IF9651279"><material><mattext texttype="text/plain" /></material></itemfeedback><itemfeedback ident="QUES_2782307_2850971_IF9651280"><material><mattext texttype="text/plain" /></material></itemfeedback><itemfeedback ident="QUES_2782307_2850971_IF9651281"><material><mattext texttype="text/plain" /></material></itemfeedback></item><item ident="OBJ_8535353" label="QUES_2782308_2850972" d2l_2p0:page="1"><itemmetadata><qtimetadata><qti_metadatafield><fieldlabel>qmd_computerscored</fieldlabel><fieldentry>yes</fieldentry></qti_metadatafield><qti_metadatafield><fieldlabel>qmd_questiontype</fieldlabel><fieldentry>Multiple Choice</fieldentry></qti_metadatafield><qti_metadatafield><fieldlabel>qmd_globalid</fieldlabel><fieldentry>9051264a-bbee-42f6-9e31-a85a931dfdbd</fieldentry></qti_metadatafield><qti_metadatafield><fieldlabel>qmd_displayid</fieldlabel><fieldentry>155289-8</fieldentry></qti_metadatafield></qtimetadata></itemmetadata><itemproc_extension><d2l_2p0:difficulty>1</d2l_2p0:difficulty><d2l_2p0:isbonus>no</d2l_2p0:isbonus><d2l_2p0:ismandatory>no</d2l_2p0:ismandatory></itemproc_extension><presentation><flow><material><mattext texttype="text/html">&lt;p&gt;I now use better study strategies in my classes.&lt;/p&gt;</mattext></material><response_extension><d2l_2p0:display_style>2</d2l_2p0:display_style><d2l_2p0:enumeration>6</d2l_2p0:enumeration><d2l_2p0:grading_type>0</d2l_2p0:grading_type></response_extension><response_lid ident="QUES_2782308_2850972_LID" rcardinality="Single"><render_choice shuffle="no"><flow_label class="Block"><response_label ident="QUES_2782308_2850972_A9651282"><flow_mat><material><mattext texttype="text/html">&lt;p&gt;Agree&lt;/p&gt;</mattext></material></flow_mat></response_label></flow_label><flow_label class="Block"><response_label ident="QUES_2782308_2850972_A9651283"><flow_mat><material><mattext texttype="text/html">&lt;p&gt;Disagree&lt;/p&gt;</mattext></material></flow_mat></response_label></flow_label><flow_label class="Block"><response_label ident="QUES_2782308_2850972_A9651284"><flow_mat><material><mattext texttype="text/html">&lt;p&gt;Does Not Apply&lt;/p&gt;</mattext></material></flow_mat></response_label></flow_label></render_choice></response_lid></flow></presentation><resprocessing><respcondition title="Response Condition 1"><conditionvar><varequal respident="QUES_2782308_2850972_LID">QUES_2782308_2850972_A9651282</varequal></conditionvar><setvar action="Set">0.000000000</setvar><displayfeedback feedbacktype="Response" linkrefid="QUES_2782308_2850972_IF9651282" /></respcondition><respcondition title="Response Condition 2"><conditionvar><varequal respident="QUES_2782308_2850972_LID">QUES_2782308_2850972_A9651283</varequal></conditionvar><setvar action="Set">0.000000000</setvar><displayfeedback feedbacktype="Response" linkrefid="QUES_2782308_2850972_IF9651283" /></respcondition><respcondition title="Response Condition 3"><conditionvar><varequal respident="QUES_2782308_2850972_LID">QUES_2782308_2850972_A9651284</varequal></conditionvar><setvar action="Set">0.000000000</setvar><displayfeedback feedbacktype="Response" linkrefid="QUES_2782308_2850972_IF9651284" /></respcondition></resprocessing><itemfeedback ident="QUES_2782308_2850972_IF9651282"><material><mattext texttype="text/plain" /></material></itemfeedback><itemfeedback ident="QUES_2782308_2850972_IF9651283"><material><mattext texttype="text/plain" /></material></itemfeedback><itemfeedback ident="QUES_2782308_2850972_IF9651284"><material><mattext texttype="text/plain" /></material></itemfeedback></item><item ident="OBJ_8535354" label="QUES_2782309_2850973" d2l_2p0:page="1"><itemmetadata><qtimetadata><qti_metadatafield><fieldlabel>qmd_computerscored</fieldlabel><fieldentry>yes</fieldentry></qti_metadatafield><qti_metadatafield><fieldlabel>qmd_questiontype</fieldlabel><fieldentry>Multiple Choice</fieldentry></qti_metadatafield><qti_metadatafield><fieldlabel>qmd_globalid</fieldlabel><fieldentry>f440c269-e252-4272-8ce0-66a35e3d23eb</fieldentry></qti_metadatafield><qti_metadatafield><fieldlabel>qmd_displayid</fieldlabel><fieldentry>155289-9</fieldentry></qti_metadatafield></qtimetadata></itemmetadata><itemproc_extension><d2l_2p0:difficulty>1</d2l_2p0:difficulty><d2l_2p0:isbonus>no</d2l_2p0:isbonus><d2l_2p0:ismandatory>no</d2l_2p0:ismandatory></itemproc_extension><presentation><flow><material><mattext texttype="text/html">&lt;p&gt;I am able to organize study tasks and time more effectively.&lt;/p&gt;</mattext></material><response_extension><d2l_2p0:display_style>2</d2l_2p0:display_style><d2l_2p0:enumeration>6</d2l_2p0:enumeration><d2l_2p0:grading_type>0</d2l_2p0:grading_type></response_extension><response_lid ident="QUES_2782309_2850973_LID" rcardinality="Single"><render_choice shuffle="no"><flow_label class="Block"><response_label ident="QUES_2782309_2850973_A9651285"><flow_mat><material><mattext texttype="text/html">&lt;p&gt;Agree&lt;/p&gt;</mattext></material></flow_mat></response_label></flow_label><flow_label class="Block"><response_label ident="QUES_2782309_2850973_A9651286"><flow_mat><material><mattext texttype="text/html">&lt;p&gt;Disagree&lt;/p&gt;</mattext></material></flow_mat></response_label></flow_label><flow_label class="Block"><response_label ident="QUES_2782309_2850973_A9651287"><flow_mat><material><mattext texttype="text/html">&lt;p&gt;Does Not Apply&lt;/p&gt;</mattext></material></flow_mat></response_label></flow_label></render_choice></response_lid></flow></presentation><resprocessing><respcondition title="Response Condition 1"><conditionvar><varequal respident="QUES_2782309_2850973_LID">QUES_2782309_2850973_A9651285</varequal></conditionvar><setvar action="Set">0.000000000</setvar><displayfeedback feedbacktype="Response" linkrefid="QUES_2782309_2850973_IF9651285" /></respcondition><respcondition title="Response Condition 2"><conditionvar><varequal respident="QUES_2782309_2850973_LID">QUES_2782309_2850973_A9651286</varequal></conditionvar><setvar action="Set">0.000000000</setvar><displayfeedback feedbacktype="Response" linkrefid="QUES_2782309_2850973_IF9651286" /></respcondition><respcondition title="Response Condition 3"><conditionvar><varequal respident="QUES_2782309_2850973_LID">QUES_2782309_2850973_A9651287</varequal></conditionvar><setvar action="Set">0.000000000</setvar><displayfeedback feedbacktype="Response" linkrefid="QUES_2782309_2850973_IF9651287" /></respcondition></resprocessing><itemfeedback ident="QUES_2782309_2850973_IF9651285"><material><mattext texttype="text/plain" /></material></itemfeedback><itemfeedback ident="QUES_2782309_2850973_IF9651286"><material><mattext texttype="text/plain" /></material></itemfeedback><itemfeedback ident="QUES_2782309_2850973_IF9651287"><material><mattext texttype="text/plain" /></material></itemfeedback></item><item ident="OBJ_8535355" label="QUES_2782310_2850974" d2l_2p0:page="1"><itemmetadata><qtimetadata><qti_metadatafield><fieldlabel>qmd_computerscored</fieldlabel><fieldentry>yes</fieldentry></qti_metadatafield><qti_metadatafield><fieldlabel>qmd_questiontype</fieldlabel><fieldentry>Multiple Choice</fieldentry></qti_metadatafield><qti_metadatafield><fieldlabel>qmd_globalid</fieldlabel><fieldentry>4fc13f30-f35f-4eb2-bf5d-13b00731db88</fieldentry></qti_metadatafield><qti_metadatafield><fieldlabel>qmd_displayid</fieldlabel><fieldentry>155289-10</fieldentry></qti_metadatafield></qtimetadata></itemmetadata><itemproc_extension><d2l_2p0:difficulty>1</d2l_2p0:difficulty><d2l_2p0:isbonus>no</d2l_2p0:isbonus><d2l_2p0:ismandatory>no</d2l_2p0:ismandatory></itemproc_extension><presentation><flow><material><mattext texttype="text/html">&lt;p&gt;I feel more confident asking questions.&lt;/p&gt;</mattext></material><response_extension><d2l_2p0:display_style>2</d2l_2p0:display_style><d2l_2p0:enumeration>6</d2l_2p0:enumeration><d2l_2p0:grading_type>0</d2l_2p0:grading_type></response_extension><response_lid ident="QUES_2782310_2850974_LID" rcardinality="Single"><render_choice shuffle="no"><flow_label class="Block"><response_label ident="QUES_2782310_2850974_A9651288"><flow_mat><material><mattext texttype="text/html">&lt;p&gt;Agree&lt;/p&gt;</mattext></material></flow_mat></response_label></flow_label><flow_label class="Block"><response_label ident="QUES_2782310_2850974_A9651289"><flow_mat><material><mattext texttype="text/html">&lt;p&gt;Disagree&lt;/p&gt;</mattext></material></flow_mat></response_label></flow_label><flow_label class="Block"><response_label ident="QUES_2782310_2850974_A9651290"><flow_mat><material><mattext texttype="text/html">&lt;p&gt;Does Not Apply&lt;/p&gt;</mattext></material></flow_mat></response_label></flow_label></render_choice></response_lid></flow></presentation><resprocessing><respcondition title="Response Condition 1"><conditionvar><varequal respident="QUES_2782310_2850974_LID">QUES_2782310_2850974_A9651288</varequal></conditionvar><setvar action="Set">0.000000000</setvar><displayfeedback feedbacktype="Response" linkrefid="QUES_2782310_2850974_IF9651288" /></respcondition><respcondition title="Response Condition 2"><conditionvar><varequal respident="QUES_2782310_2850974_LID">QUES_2782310_2850974_A9651289</varequal></conditionvar><setvar action="Set">0.000000000</setvar><displayfeedback feedbacktype="Response" linkrefid="QUES_2782310_2850974_IF9651289" /></respcondition><respcondition title="Response Condition 3"><conditionvar><varequal respident="QUES_2782310_2850974_LID">QUES_2782310_2850974_A9651290</varequal></conditionvar><setvar action="Set">0.000000000</setvar><displayfeedback feedbacktype="Response" linkrefid="QUES_2782310_2850974_IF9651290" /></respcondition></resprocessing><itemfeedback ident="QUES_2782310_2850974_IF9651288"><material><mattext texttype="text/plain" /></material></itemfeedback><itemfeedback ident="QUES_2782310_2850974_IF9651289"><material><mattext texttype="text/plain" /></material></itemfeedback><itemfeedback ident="QUES_2782310_2850974_IF9651290"><material><mattext texttype="text/plain" /></material></itemfeedback></item><item ident="OBJ_8535356" label="QUES_2782311_2850975" d2l_2p0:page="1"><itemmetadata><qtimetadata><qti_metadatafield><fieldlabel>qmd_computerscored</fieldlabel><fieldentry>yes</fieldentry></qti_metadatafield><qti_metadatafield><fieldlabel>qmd_questiontype</fieldlabel><fieldentry>Multiple Choice</fieldentry></qti_metadatafield><qti_metadatafield><fieldlabel>qmd_globalid</fieldlabel><fieldentry>89e9abfd-8eca-4107-9275-2defb7ffa230</fieldentry></qti_metadatafield><qti_metadatafield><fieldlabel>qmd_displayid</fieldlabel><fieldentry>155289-11</fieldentry></qti_metadatafield></qtimetadata></itemmetadata><itemproc_extension><d2l_2p0:difficulty>1</d2l_2p0:difficulty><d2l_2p0:isbonus>no</d2l_2p0:isbonus><d2l_2p0:ismandatory>no</d2l_2p0:ismandatory></itemproc_extension><presentation><flow><material><mattext texttype="text/html">&lt;p&gt;I use College resources more often (e.g., SI, ASC tutor, Seminars, Counseling).&lt;/p&gt;</mattext></material><response_extension><d2l_2p0:display_style>2</d2l_2p0:display_style><d2l_2p0:enumeration>6</d2l_2p0:enumeration><d2l_2p0:grading_type>0</d2l_2p0:grading_type></response_extension><response_lid ident="QUES_2782311_2850975_LID" rcardinality="Single"><render_choice shuffle="no"><flow_label class="Block"><response_label ident="QUES_2782311_2850975_A9651291"><flow_mat><material><mattext texttype="text/html">&lt;p&gt;Agree&lt;/p&gt;</mattext></material></flow_mat></response_label></flow_label><flow_label class="Block"><response_label ident="QUES_2782311_2850975_A9651292"><flow_mat><material><mattext texttype="text/html">&lt;p&gt;Disagree&lt;/p&gt;</mattext></material></flow_mat></response_label></flow_label><flow_label class="Block"><response_label ident="QUES_2782311_2850975_A9651293"><flow_mat><material><mattext texttype="text/html">&lt;p&gt;Does Not Apply&lt;/p&gt;</mattext></material></flow_mat></response_label></flow_label></render_choice></response_lid></flow></presentation><resprocessing><respcondition title="Response Condition 1"><conditionvar><varequal respident="QUES_2782311_2850975_LID">QUES_2782311_2850975_A9651291</varequal></conditionvar><setvar action="Set">0.000000000</setvar><displayfeedback feedbacktype="Response" linkrefid="QUES_2782311_2850975_IF9651291" /></respcondition><respcondition title="Response Condition 2"><conditionvar><varequal respident="QUES_2782311_2850975_LID">QUES_2782311_2850975_A9651292</varequal></conditionvar><setvar action="Set">0.000000000</setvar><displayfeedback feedbacktype="Response" linkrefid="QUES_2782311_2850975_IF9651292" /></respcondition><respcondition title="Response Condition 3"><conditionvar><varequal respident="QUES_2782311_2850975_LID">QUES_2782311_2850975_A9651293</varequal></conditionvar><setvar action="Set">0.000000000</setvar><displayfeedback feedbacktype="Response" linkrefid="QUES_2782311_2850975_IF9651293" /></respcondition></resprocessing><itemfeedback ident="QUES_2782311_2850975_IF9651291"><material><mattext texttype="text/plain" /></material></itemfeedback><itemfeedback ident="QUES_2782311_2850975_IF9651292"><material><mattext texttype="text/plain" /></material></itemfeedback><itemfeedback ident="QUES_2782311_2850975_IF9651293"><material><mattext texttype="text/plain" /></material></itemfeedback></item><item ident="OBJ_8535357" label="QUES_2782312_2850976" d2l_2p0:page="1"><itemmetadata><qtimetadata><qti_metadatafield><fieldlabel>qmd_computerscored</fieldlabel><fieldentry>yes</fieldentry></qti_metadatafield><qti_metadatafield><fieldlabel>qmd_questiontype</fieldlabel><fieldentry>Multiple Choice</fieldentry></qti_metadatafield><qti_metadatafield><fieldlabel>qmd_globalid</fieldlabel><fieldentry>af936087-636a-4e11-94ac-48e2007f63bb</fieldentry></qti_metadatafield><qti_metadatafield><fieldlabel>qmd_displayid</fieldlabel><fieldentry>155289-12</fieldentry></qti_metadatafield></qtimetadata></itemmetadata><itemproc_extension><d2l_2p0:difficulty>1</d2l_2p0:difficulty><d2l_2p0:isbonus>no</d2l_2p0:isbonus><d2l_2p0:ismandatory>no</d2l_2p0:ismandatory></itemproc_extension><presentation><flow><material><mattext texttype="text/html">&lt;p&gt;I have become a better test taker.&lt;/p&gt;</mattext></material><response_extension><d2l_2p0:display_style>2</d2l_2p0:display_style><d2l_2p0:enumeration>6</d2l_2p0:enumeration><d2l_2p0:grading_type>0</d2l_2p0:grading_type></response_extension><response_lid ident="QUES_2782312_2850976_LID" rcardinality="Single"><render_choice shuffle="no"><flow_label class="Block"><response_label ident="QUES_2782312_2850976_A9651294"><flow_mat><material><mattext texttype="text/html">&lt;p&gt;Agree&lt;/p&gt;</mattext></material></flow_mat></response_label></flow_label><flow_label class="Block"><response_label ident="QUES_2782312_2850976_A9651295"><flow_mat><material><mattext texttype="text/html">&lt;p&gt;Disagree&lt;/p&gt;</mattext></material></flow_mat></response_label></flow_label><flow_label class="Block"><response_label ident="QUES_2782312_2850976_A9651296"><flow_mat><material><mattext texttype="text/html">&lt;p&gt;Does Not Apply&lt;/p&gt;</mattext></material></flow_mat></response_label></flow_label></render_choice></response_lid></flow></presentation><resprocessing><respcondition title="Response Condition 1"><conditionvar><varequal respident="QUES_2782312_2850976_LID">QUES_2782312_2850976_A9651294</varequal></conditionvar><setvar action="Set">0.000000000</setvar><displayfeedback feedbacktype="Response" linkrefid="QUES_2782312_2850976_IF9651294" /></respcondition><respcondition title="Response Condition 2"><conditionvar><varequal respident="QUES_2782312_2850976_LID">QUES_2782312_2850976_A9651295</varequal></conditionvar><setvar action="Set">0.000000000</setvar><displayfeedback feedbacktype="Response" linkrefid="QUES_2782312_2850976_IF9651295" /></respcondition><respcondition title="Response Condition 3"><conditionvar><varequal respident="QUES_2782312_2850976_LID">QUES_2782312_2850976_A9651296</varequal></conditionvar><setvar action="Set">0.000000000</setvar><displayfeedback feedbacktype="Response" linkrefid="QUES_2782312_2850976_IF9651296" /></respcondition></resprocessing><itemfeedback ident="QUES_2782312_2850976_IF9651294"><material><mattext texttype="text/plain" /></material></itemfeedback><itemfeedback ident="QUES_2782312_2850976_IF9651295"><material><mattext texttype="text/plain" /></material></itemfeedback><itemfeedback ident="QUES_2782312_2850976_IF9651296"><material><mattext texttype="text/plain" /></material></itemfeedback></item><item ident="OBJ_8535358" label="QUES_2782313_2850977" d2l_2p0:page="1"><itemmetadata><qtimetadata><qti_metadatafield><fieldlabel>qmd_computerscored</fieldlabel><fieldentry>yes</fieldentry></qti_metadatafield><qti_metadatafield><fieldlabel>qmd_questiontype</fieldlabel><fieldentry>Multiple Choice</fieldentry></qti_metadatafield><qti_metadatafield><fieldlabel>qmd_globalid</fieldlabel><fieldentry>5415b320-7ab4-4c89-8488-56afa15c63fa</fieldentry></qti_metadatafield><qti_metadatafield><fieldlabel>qmd_displayid</fieldlabel><fieldentry>155289-13</fieldentry></qti_metadatafield></qtimetadata></itemmetadata><itemproc_extension><d2l_2p0:difficulty>1</d2l_2p0:difficulty><d2l_2p0:isbonus>no</d2l_2p0:isbonus><d2l_2p0:ismandatory>no</d2l_2p0:ismandatory></itemproc_extension><presentation><flow><material><mattext texttype="text/html">&lt;p&gt;I am more comfortable working in a group setting.&lt;/p&gt;</mattext></material><response_extension><d2l_2p0:display_style>2</d2l_2p0:display_style><d2l_2p0:enumeration>6</d2l_2p0:enumeration><d2l_2p0:grading_type>0</d2l_2p0:grading_type></response_extension><response_lid ident="QUES_2782313_2850977_LID" rcardinality="Single"><render_choice shuffle="no"><flow_label class="Block"><response_label ident="QUES_2782313_2850977_A9651297"><flow_mat><material><mattext texttype="text/html">&lt;p&gt;Agree&lt;/p&gt;</mattext></material></flow_mat></response_label></flow_label><flow_label class="Block"><response_label ident="QUES_2782313_2850977_A9651298"><flow_mat><material><mattext texttype="text/html">&lt;p&gt;Disagree&lt;/p&gt;</mattext></material></flow_mat></response_label></flow_label><flow_label class="Block"><response_label ident="QUES_2782313_2850977_A9651299"><flow_mat><material><mattext texttype="text/html">&lt;p&gt;Does Not Apply&lt;/p&gt;</mattext></material></flow_mat></response_label></flow_label></render_choice></response_lid></flow></presentation><resprocessing><respcondition title="Response Condition 1"><conditionvar><varequal respident="QUES_2782313_2850977_LID">QUES_2782313_2850977_A9651297</varequal></conditionvar><setvar action="Set">0.000000000</setvar><displayfeedback feedbacktype="Response" linkrefid="QUES_2782313_2850977_IF9651297" /></respcondition><respcondition title="Response Condition 2"><conditionvar><varequal respident="QUES_2782313_2850977_LID">QUES_2782313_2850977_A9651298</varequal></conditionvar><setvar action="Set">0.000000000</setvar><displayfeedback feedbacktype="Response" linkrefid="QUES_2782313_2850977_IF9651298" /></respcondition><respcondition title="Response Condition 3"><conditionvar><varequal respident="QUES_2782313_2850977_LID">QUES_2782313_2850977_A9651299</varequal></conditionvar><setvar action="Set">0.000000000</setvar><displayfeedback feedbacktype="Response" linkrefid="QUES_2782313_2850977_IF9651299" /></respcondition></resprocessing><itemfeedback ident="QUES_2782313_2850977_IF9651297"><material><mattext texttype="text/plain" /></material></itemfeedback><itemfeedback ident="QUES_2782313_2850977_IF9651298"><material><mattext texttype="text/plain" /></material></itemfeedback><itemfeedback ident="QUES_2782313_2850977_IF9651299"><material><mattext texttype="text/plain" /></material></itemfeedback></item><item ident="OBJ_8535359" label="QUES_2782314_2850978" d2l_2p0:page="1"><itemmetadata><qtimetadata><qti_metadatafield><fieldlabel>qmd_computerscored</fieldlabel><fieldentry>yes</fieldentry></qti_metadatafield><qti_metadatafield><fieldlabel>qmd_questiontype</fieldlabel><fieldentry>Long Answer</fieldentry></qti_metadatafield><qti_metadatafield><fieldlabel>qmd_globalid</fieldlabel><fieldentry>741f5a09-1dca-4cec-9f04-105dc44b15d2</fieldentry></qti_metadatafield><qti_metadatafield><fieldlabel>qmd_displayid</fieldlabel><fieldentry>155289-14</fieldentry></qti_metadatafield></qtimetadata></itemmetadata><itemproc_extension><d2l_2p0:difficulty>1</d2l_2p0:difficulty><d2l_2p0:isbonus>no</d2l_2p0:isbonus><d2l_2p0:ismandatory>no</d2l_2p0:ismandatory></itemproc_extension><presentation><flow><material><mattext texttype="text/html">&lt;p&gt;What did you like most about study group sessions?&lt;/p&gt;</mattext></material><response_extension><d2l_2p0:has_signed_comments>no</d2l_2p0:has_signed_comments><d2l_2p0:has_htmleditor>no</d2l_2p0:has_htmleditor></response_extension><response_str ident="QUES_2782314_2850978_STR" rcardinality="Multiple"><render_fib rows="15" columns="100" prompt="Box" fibtype="String"><response_label ident="QUES_2782314_2850978_LA"><material><mattext texttype="text/plain" /></material></response_label></render_fib></response_str></flow></presentation></item><item ident="OBJ_8535360" label="QUES_2782315_2850979" d2l_2p0:page="1"><itemmetadata><qtimetadata><qti_metadatafield><fieldlabel>qmd_computerscored</fieldlabel><fieldentry>yes</fieldentry></qti_metadatafield><qti_metadatafield><fieldlabel>qmd_questiontype</fieldlabel><fieldentry>Long Answer</fieldentry></qti_metadatafield><qti_metadatafield><fieldlabel>qmd_globalid</fieldlabel><fieldentry>b36cd46c-b959-410e-8108-223f21531022</fieldentry></qti_metadatafield><qti_metadatafield><fieldlabel>qmd_displayid</fieldlabel><fieldentry>155289-15</fieldentry></qti_metadatafield></qtimetadata></itemmetadata><itemproc_extension><d2l_2p0:difficulty>1</d2l_2p0:difficulty><d2l_2p0:isbonus>no</d2l_2p0:isbonus><d2l_2p0:ismandatory>no</d2l_2p0:ismandatory></itemproc_extension><presentation><flow><material><mattext texttype="text/html">&lt;p&gt;What would you change about study group sessions?&lt;/p&gt;</mattext></material><response_extension><d2l_2p0:has_signed_comments>no</d2l_2p0:has_signed_comments><d2l_2p0:has_htmleditor>no</d2l_2p0:has_htmleditor></response_extension><response_str ident="QUES_2782315_2850979_STR" rcardinality="Multiple"><render_fib rows="15" columns="100" prompt="Box" fibtype="String"><response_label ident="QUES_2782315_2850979_LA"><material><mattext texttype="text/plain" /></material></response_label></render_fib></response_str></flow></presentation></item></section></section></assessment></questestinterop>